{"tiles":[{"tile_x":0,"tile_y":0},{"tile_x":0,"tile_y":300},{"tile_x":0,"tile_y":350},{"tile_x":0,"tile_y":400},{"tile_x":0,"tile_y":450},{"tile_x":50,"tile_y":0},{"tile_x":100,"tile_y":0},{"tile_x":150,"tile_y":0},{"tile_x":200,"tile_y":0},{"tile_x":250,"tile_y":0},{"tile_x":350,"tile_y":0},{"tile_x":300,"tile_y":0},{"tile_x":400,"tile_y":0},{"tile_x":450,"tile_y":0},{"tile_x":500,"tile_y":0},{"tile_x":600,"tile_y":0},{"tile_x":650,"tile_y":0},{"tile_x":700,"tile_y":0},{"tile_x":750,"tile_y":0},{"tile_x":800,"tile_y":0},{"tile_x":850,"tile_y":0},{"tile_x":900,"tile_y":0},{"tile_x":950,"tile_y":0},{"tile_x":1050,"tile_y":0},{"tile_x":1000,"tile_y":0},{"tile_x":1150,"tile_y":0},{"tile_x":1100,"tile_y":0},{"tile_x":1200,"tile_y":0},{"tile_x":1300,"tile_y":0},{"tile_x":1350,"tile_y":0},{"tile_x":1350,"tile_y":50},{"tile_x":1350,"tile_y":150},{"tile_x":1350,"tile_y":250},{"tile_x":1350,"tile_y":200},{"tile_x":1350,"tile_y":300},{"tile_x":1350,"tile_y":500},{"tile_x":1350,"tile_y":550},{"tile_x":1350,"tile_y":600},{"tile_x":1350,"tile_y":650},{"tile_x":1350,"tile_y":700},{"tile_x":1350,"tile_y":800},{"tile_x":1350,"tile_y":850},{"tile_x":0,"tile_y":500},{"tile_x":0,"tile_y":550},{"tile_x":0,"tile_y":600},{"tile_x":0,"tile_y":650},{"tile_x":0,"tile_y":700},{"tile_x":0,"tile_y":750},{"tile_x":0,"tile_y":800},{"tile_x":0,"tile_y":850},{"tile_x":700,"tile_y":400},{"tile_x":50,"tile_y":450},{"tile_x":100,"tile_y":450},{"tile_x":150,"tile_y":450},{"tile_x":200,"tile_y":450},{"tile_x":250,"tile_y":450},{"tile_x":550,"tile_y":450},{"tile_x":500,"tile_y":450},{"tile_x":450,"tile_y":450},{"tile_x":400,"tile_y":450},{"tile_x":650,"tile_y":50},{"tile_x":650,"tile_y":100},{"tile_x":650,"tile_y":150},{"tile_x":650,"tile_y":350},{"tile_x":650,"tile_y":300},{"tile_x":700,"tile_y":50},{"tile_x":700,"tile_y":100},{"tile_x":1350,"tile_y":450},{"tile_x":700,"tile_y":150},{"tile_x":700,"tile_y":300},{"tile_x":700,"tile_y":350},{"tile_x":800,"tile_y":450},{"tile_x":850,"tile_y":450},{"tile_x":900,"tile_y":450},{"tile_x":950,"tile_y":450},{"tile_x":1000,"tile_y":450},{"tile_x":1050,"tile_y":450},{"tile_x":1300,"tile_y":450},{"tile_x":1100,"tile_y":450},{"tile_x":1250,"tile_y":450},{"tile_x":750,"tile_y":500},{"tile_x":800,"tile_y":500},{"tile_x":850,"tile_y":500},{"tile_x":900,"tile_y":500},{"tile_x":950,"tile_y":500},{"tile_x":1050,"tile_y":500},{"tile_x":1000,"tile_y":500},{"tile_x":1100,"tile_y":500},{"tile_x":1300,"tile_y":500},{"tile_x":1250,"tile_y":500},{"tile_x":0,"tile_y":900},{"tile_x":0,"tile_y":950},{"tile_x":50,"tile_y":950},{"tile_x":100,"tile_y":950},{"tile_x":150,"tile_y":950},{"tile_x":250,"tile_y":950},{"tile_x":200,"tile_y":950},{"tile_x":300,"tile_y":950},{"tile_x":350,"tile_y":950},{"tile_x":400,"tile_y":950},{"tile_x":450,"tile_y":950},{"tile_x":500,"tile_y":950},{"tile_x":550,"tile_y":950},{"tile_x":600,"tile_y":950},{"tile_x":650,"tile_y":950},{"tile_x":250,"tile_y":500},{"tile_x":200,"tile_y":500},{"tile_x":150,"tile_y":500},{"tile_x":100,"tile_y":500},{"tile_x":50,"tile_y":500},{"tile_x":400,"tile_y":500},{"tile_x":450,"tile_y":500},{"tile_x":500,"tile_y":500},{"tile_x":550,"tile_y":500},{"tile_x":600,"tile_y":500},{"tile_x":650,"tile_y":550},{"tile_x":650,"tile_y":600},{"tile_x":650,"tile_y":650},{"tile_x":650,"tile_y":700},{"tile_x":650,"tile_y":900},{"tile_x":650,"tile_y":850},{"tile_x":700,"tile_y":600},{"tile_x":1350,"tile_y":900},{"tile_x":1350,"tile_y":950},{"tile_x":1300,"tile_y":950},{"tile_x":1250,"tile_y":950},{"tile_x":1200,"tile_y":950},{"tile_x":1150,"tile_y":950},{"tile_x":1100,"tile_y":950},{"tile_x":1000,"tile_y":950},{"tile_x":1050,"tile_y":950},{"tile_x":950,"tile_y":950},{"tile_x":900,"tile_y":950},{"tile_x":850,"tile_y":950},{"tile_x":800,"tile_y":950},{"tile_x":750,"tile_y":950},{"tile_x":700,"tile_y":950},{"tile_x":700,"tile_y":900},{"tile_x":700,"tile_y":850},{"tile_x":700,"tile_y":650},{"tile_x":700,"tile_y":700},{"tile_x":950,"tile_y":100},{"tile_x":1000,"tile_y":100},{"tile_x":1050,"tile_y":150},{"tile_x":1000,"tile_y":200},{"tile_x":950,"tile_y":250},{"tile_x":1000,"tile_y":300},{"tile_x":1050,"tile_y":300},{"tile_x":1050,"tile_y":200},{"tile_x":950,"tile_y":700},{"tile_x":1000,"tile_y":700},{"tile_x":550,"tile_y":350},{"tile_x":550,"tile_y":400},{"tile_x":1250,"tile_y":0},{"tile_x":750,"tile_y":400},{"tile_x":150,"tile_y":650},{"tile_x":200,"tile_y":650},{"tile_x":250,"tile_y":700},{"tile_x":200,"tile_y":750},{"tile_x":150,"tile_y":750},{"tile_x":250,"tile_y":800},{"tile_x":200,"tile_y":850},{"tile_x":150,"tile_y":850},{"tile_x":400,"tile_y":750},{"tile_x":400,"tile_y":700},{"tile_x":750,"tile_y":550},{"tile_x":750,"tile_y":600},{"tile_x":800,"tile_y":550},{"tile_x":450,"tile_y":650},{"tile_x":450,"tile_y":700},{"tile_x":500,"tile_y":650},{"tile_x":500,"tile_y":700},{"tile_x":450,"tile_y":750},{"tile_x":600,"tile_y":900},{"tile_x":600,"tile_y":850},{"tile_x":550,"tile_y":900},{"tile_x":500,"tile_y":900},{"tile_x":1350,"tile_y":100},{"tile_x":1300,"tile_y":150},{"tile_x":1250,"tile_y":150},{"tile_x":1250,"tile_y":200},{"tile_x":1300,"tile_y":200},{"tile_x":1300,"tile_y":250},{"tile_x":1250,"tile_y":250},{"tile_x":1200,"tile_y":200},{"tile_x":1300,"tile_y":300},{"tile_x":1350,"tile_y":750},{"tile_x":1300,"tile_y":850},{"tile_x":1250,"tile_y":850},{"tile_x":1200,"tile_y":850},{"tile_x":1300,"tile_y":700},{"tile_x":1250,"tile_y":700},{"tile_x":1200,"tile_y":700},{"tile_x":500,"tile_y":400},{"tile_x":1300,"tile_y":100},{"tile_x":600,"tile_y":550},{"tile_x":750,"tile_y":900},{"tile_x":550,"tile_y":0},{"tile_x":0,"tile_y":50},{"tile_x":0,"tile_y":200},{"tile_x":0,"tile_y":250},{"tile_x":0,"tile_y":100},{"tile_x":0,"tile_y":150},{"tile_x":450,"tile_y":100},{"tile_x":500,"tile_y":100},{"tile_x":550,"tile_y":100},{"tile_x":550,"tile_y":150},{"tile_x":550,"tile_y":200},{"tile_x":600,"tile_y":400},{"tile_x":600,"tile_y":350},{"tile_x":650,"tile_y":400},{"tile_x":650,"tile_y":450},{"tile_x":600,"tile_y":450},{"tile_x":750,"tile_y":450},{"tile_x":700,"tile_y":450},{"tile_x":700,"tile_y":500},{"tile_x":700,"tile_y":550},{"tile_x":650,"tile_y":500},{"tile_x":350,"tile_y":250},{"tile_x":150,"tile_y":100},{"tile_x":100,"tile_y":100},{"tile_x":100,"tile_y":150},{"tile_x":200,"tile_y":100},{"tile_x":100,"tile_y":300},{"tile_x":100,"tile_y":350},{"tile_x":150,"tile_y":350},{"tile_x":350,"tile_y":300},{"tile_x":350,"tile_y":200},{"tile_x":300,"tile_y":250},{"tile_x":400,"tile_y":250},{"tile_x":950,"tile_y":300},{"tile_x":900,"tile_y":600},{"tile_x":900,"tile_y":650},{"tile_x":900,"tile_y":700},{"tile_x":1000,"tile_y":650},{"tile_x":1000,"tile_y":600},{"tile_x":1000,"tile_y":750},{"tile_x":1000,"tile_y":800},{"tile_x":750,"tile_y":50},{"tile_x":1400,"tile_y":300},{"tile_x":1400,"tile_y":250},{"tile_x":1400,"tile_y":150},{"tile_x":1400,"tile_y":50},{"tile_x":1400,"tile_y":0},{"tile_x":1400,"tile_y":100},{"tile_x":1450,"tile_y":0},{"tile_x":1400,"tile_y":200},{"tile_x":1500,"tile_y":0},{"tile_x":1600,"tile_y":0},{"tile_x":1550,"tile_y":0},{"tile_x":1650,"tile_y":0},{"tile_x":1700,"tile_y":0},{"tile_x":1800,"tile_y":0},{"tile_x":1750,"tile_y":0},{"tile_x":1850,"tile_y":0},{"tile_x":1900,"tile_y":0},{"tile_x":1950,"tile_y":0},{"tile_x":2000,"tile_y":0},{"tile_x":2050,"tile_y":0},{"tile_x":2050,"tile_y":50},{"tile_x":2050,"tile_y":100},{"tile_x":2050,"tile_y":150},{"tile_x":2050,"tile_y":250},{"tile_x":2050,"tile_y":300},{"tile_x":2050,"tile_y":200},{"tile_x":2050,"tile_y":350},{"tile_x":2050,"tile_y":400},{"tile_x":2050,"tile_y":450},{"tile_x":1950,"tile_y":450},{"tile_x":2000,"tile_y":450},{"tile_x":1900,"tile_y":450},{"tile_x":1850,"tile_y":450},{"tile_x":1800,"tile_y":450},{"tile_x":1750,"tile_y":450},{"tile_x":1700,"tile_y":450},{"tile_x":1650,"tile_y":450},{"tile_x":1550,"tile_y":450},{"tile_x":1450,"tile_y":450},{"tile_x":1400,"tile_y":450},{"tile_x":1500,"tile_y":450},{"tile_x":1600,"tile_y":450},{"tile_x":1350,"tile_y":350},{"tile_x":1600,"tile_y":100},{"tile_x":1600,"tile_y":150},{"tile_x":1600,"tile_y":200},{"tile_x":1600,"tile_y":250},{"tile_x":1600,"tile_y":300},{"tile_x":1650,"tile_y":300},{"tile_x":1650,"tile_y":100},{"tile_x":1650,"tile_y":200},{"tile_x":1900,"tile_y":100},{"tile_x":1950,"tile_y":100},{"tile_x":2000,"tile_y":100},{"tile_x":1950,"tile_y":150},{"tile_x":1950,"tile_y":200},{"tile_x":1950,"tile_y":250},{"tile_x":1950,"tile_y":300},{"tile_x":1700,"tile_y":100},{"tile_x":1700,"tile_y":200},{"tile_x":1700,"tile_y":300},{"tile_x":1350,"tile_y":400}],"pot":[{"pot_x":1250,"pot_y":800},{"pot_x":1250,"pot_y":600},{"pot_x":1250,"pot_y":750},{"pot_x":900,"pot_y":800},{"pot_x":1050,"pot_y":900},{"pot_x":450,"pot_y":600},{"pot_x":450,"pot_y":550},{"pot_x":150,"pot_y":900},{"pot_x":100,"pot_y":750},{"pot_x":1500,"pot_y":150},{"pot_x":1500,"pot_y":250},{"pot_x":1500,"pot_y":200},{"pot_x":1450,"pot_y":100},{"pot_x":1500,"pot_y":100},{"pot_x":1550,"pot_y":100},{"pot_x":1500,"pot_y":300},{"pot_x":1750,"pot_y":100},{"pot_x":1750,"pot_y":200},{"pot_x":1800,"pot_y":100},{"pot_x":1800,"pot_y":200},{"pot_x":1750,"pot_y":300},{"pot_x":1800,"pot_y":300},{"pot_x":1750,"pot_y":150},{"pot_x":1850,"pot_y":100},{"pot_x":1850,"pot_y":200},{"pot_x":1850,"pot_y":250},{"pot_x":1850,"pot_y":300},{"pot_x":1100,"pot_y":200},{"pot_x":750,"pot_y":150},{"pot_x":800,"pot_y":150},{"pot_x":850,"pot_y":200},{"pot_x":850,"pot_y":250},{"pot_x":750,"pot_y":300},{"pot_x":800,"pot_y":300},{"pot_x":1000,"pot_y":400},{"pot_x":100,"pot_y":250},{"pot_x":250,"pot_y":100},{"pot_x":350,"pot_y":150},{"pot_x":50,"pot_y":300},{"pot_x":450,"pot_y":250},{"pot_x":300,"pot_y":800},{"pot_x":350,"pot_y":350}]}